{
  "1": {
    "accuracy": 51,
    "ally_life": 51,
    "armour": 3,
    "evasion": 11,
    "life": 15,
    "experience": 17,
    "physical_damage": 9.15999984741211
  },
  "2": {
    "accuracy": 56,
    "ally_life": 78,
    "armour": 6,
    "evasion": 14,
    "life": 20,
    "experience": 18,
    "physical_damage": 10.260000228881836
  },
  "3": {
    "accuracy": 60,
    "ally_life": 106,
    "armour": 8,
    "evasion": 17,
    "life": 24,
    "experience": 20,
    "physical_damage": 11.390000343322754
  },
  "4": {
    "accuracy": 65,
    "ally_life": 135,
    "armour": 10,
    "evasion": 20,
    "life": 28,
    "experience": 24,
    "physical_damage": 12.569999694824219
  },
  "5": {
    "accuracy": 70,
    "ally_life": 166,
    "armour": 13,
    "evasion": 24,
    "life": 33,
    "experience": 31,
    "physical_damage": 13.779999732971191
  },
  "6": {
    "accuracy": 75,
    "ally_life": 197,
    "armour": 16,
    "evasion": 27,
    "life": 38,
    "experience": 43,
    "physical_damage": 15.029999732971191
  },
  "7": {
    "accuracy": 80,
    "ally_life": 230,
    "armour": 19,
    "evasion": 31,
    "life": 45,
    "experience": 57,
    "physical_damage": 16.31999969482422
  },
  "8": {
    "accuracy": 86,
    "ally_life": 264,
    "armour": 22,
    "evasion": 35,
    "life": 50,
    "experience": 75,
    "physical_damage": 17.649999618530273
  },
  "9": {
    "accuracy": 91,
    "ally_life": 299,
    "armour": 26,
    "evasion": 38,
    "life": 58,
    "experience": 96,
    "physical_damage": 19.020000457763672
  },
  "10": {
    "accuracy": 97,
    "ally_life": 335,
    "armour": 30,
    "evasion": 42,
    "life": 67,
    "experience": 120,
    "physical_damage": 20.440000534057617
  },
  "11": {
    "accuracy": 103,
    "ally_life": 373,
    "armour": 34,
    "evasion": 46,
    "life": 78,
    "experience": 150,
    "physical_damage": 21.899999618530273
  },
  "12": {
    "accuracy": 110,
    "ally_life": 412,
    "armour": 39,
    "evasion": 50,
    "life": 89,
    "experience": 181,
    "physical_damage": 23.40999984741211
  },
  "13": {
    "accuracy": 116,
    "ally_life": 453,
    "armour": 43,
    "evasion": 54,
    "life": 103,
    "experience": 219,
    "physical_damage": 24.969999313354492
  },
  "14": {
    "accuracy": 123,
    "ally_life": 495,
    "armour": 49,
    "evasion": 59,
    "life": 118,
    "experience": 261,
    "physical_damage": 26.56999969482422
  },
  "15": {
    "accuracy": 130,
    "ally_life": 538,
    "armour": 54,
    "evasion": 63,
    "life": 134,
    "experience": 308,
    "physical_damage": 28.229999542236328
  },
  "16": {
    "accuracy": 137,
    "ally_life": 583,
    "armour": 60,
    "evasion": 67,
    "life": 158,
    "experience": 358,
    "physical_damage": 29.93000030517578
  },
  "17": {
    "accuracy": 145,
    "ally_life": 630,
    "armour": 67,
    "evasion": 72,
    "life": 178,
    "experience": 416,
    "physical_damage": 31.690000534057617
  },
  "18": {
    "accuracy": 152,
    "ally_life": 678,
    "armour": 73,
    "evasion": 76,
    "life": 200,
    "experience": 482,
    "physical_damage": 33.5
  },
  "19": {
    "accuracy": 160,
    "ally_life": 728,
    "armour": 81,
    "evasion": 81,
    "life": 224,
    "experience": 549,
    "physical_damage": 35.369998931884766
  },
  "20": {
    "accuracy": 169,
    "ally_life": 780,
    "armour": 89,
    "evasion": 86,
    "life": 249,
    "experience": 623,
    "physical_damage": 37.290000915527344
  },
  "21": {
    "accuracy": 177,
    "ally_life": 834,
    "armour": 97,
    "evasion": 91,
    "life": 276,
    "experience": 704,
    "physical_damage": 39.27000045776367
  },
  "22": {
    "accuracy": 186,
    "ally_life": 889,
    "armour": 106,
    "evasion": 96,
    "life": 305,
    "experience": 796,
    "physical_damage": 41.310001373291016
  },
  "23": {
    "accuracy": 195,
    "ally_life": 946,
    "armour": 116,
    "evasion": 101,
    "life": 335,
    "experience": 881,
    "physical_damage": 43.40999984741211
  },
  "24": {
    "accuracy": 204,
    "ally_life": 1005,
    "armour": 126,
    "evasion": 106,
    "life": 366,
    "experience": 968,
    "physical_damage": 45.56999969482422
  },
  "25": {
    "accuracy": 214,
    "ally_life": 1066,
    "armour": 137,
    "evasion": 111,
    "life": 400,
    "experience": 1058,
    "physical_damage": 47.79999923706055
  },
  "26": {
    "accuracy": 224,
    "ally_life": 1130,
    "armour": 149,
    "evasion": 117,
    "life": 434,
    "experience": 1153,
    "physical_damage": 50.09000015258789
  },
  "27": {
    "accuracy": 234,
    "ally_life": 1195,
    "armour": 161,
    "evasion": 122,
    "life": 472,
    "experience": 1252,
    "physical_damage": 52.45000076293945
  },
  "28": {
    "accuracy": 245,
    "ally_life": 1262,
    "armour": 174,
    "evasion": 128,
    "life": 510,
    "experience": 1407,
    "physical_damage": 54.880001068115234
  },
  "29": {
    "accuracy": 256,
    "ally_life": 1332,
    "armour": 189,
    "evasion": 134,
    "life": 551,
    "experience": 1573,
    "physical_damage": 57.369998931884766
  },
  "30": {
    "accuracy": 267,
    "ally_life": 1404,
    "armour": 204,
    "evasion": 140,
    "life": 593,
    "experience": 1750,
    "physical_damage": 59.939998626708984
  },
  "31": {
    "accuracy": 279,
    "ally_life": 1478,
    "armour": 220,
    "evasion": 146,
    "life": 637,
    "experience": 1941,
    "physical_damage": 62.59000015258789
  },
  "32": {
    "accuracy": 291,
    "ally_life": 1555,
    "armour": 237,
    "evasion": 152,
    "life": 683,
    "experience": 2142,
    "physical_damage": 65.30999755859375
  },
  "33": {
    "accuracy": 304,
    "ally_life": 1634,
    "armour": 255,
    "evasion": 158,
    "life": 731,
    "experience": 2361,
    "physical_damage": 68.0999984741211
  },
  "34": {
    "accuracy": 317,
    "ally_life": 1716,
    "armour": 274,
    "evasion": 165,
    "life": 790,
    "experience": 2587,
    "physical_damage": 70.9800033569336
  },
  "35": {
    "accuracy": 330,
    "ally_life": 1800,
    "armour": 295,
    "evasion": 171,
    "life": 853,
    "experience": 2831,
    "physical_damage": 73.94000244140625
  },
  "36": {
    "accuracy": 344,
    "ally_life": 1887,
    "armour": 317,
    "evasion": 178,
    "life": 921,
    "experience": 3092,
    "physical_damage": 76.9800033569336
  },
  "37": {
    "accuracy": 358,
    "ally_life": 1977,
    "armour": 340,
    "evasion": 185,
    "life": 995,
    "experience": 3360,
    "physical_damage": 80.11000061035156
  },
  "38": {
    "accuracy": 372,
    "ally_life": 2069,
    "armour": 364,
    "evasion": 191,
    "life": 1074,
    "experience": 3646,
    "physical_damage": 83.31999969482422
  },
  "39": {
    "accuracy": 387,
    "ally_life": 2165,
    "armour": 391,
    "evasion": 199,
    "life": 1160,
    "experience": 3958,
    "physical_damage": 86.62999725341797
  },
  "40": {
    "accuracy": 403,
    "ally_life": 2263,
    "armour": 418,
    "evasion": 206,
    "life": 1253,
    "experience": 4259,
    "physical_damage": 90.0199966430664
  },
  "41": {
    "accuracy": 419,
    "ally_life": 2365,
    "armour": 448,
    "evasion": 213,
    "life": 1353,
    "experience": 4586,
    "physical_damage": 93.51000213623047
  },
  "42": {
    "accuracy": 435,
    "ally_life": 2470,
    "armour": 479,
    "evasion": 221,
    "life": 1462,
    "experience": 4940,
    "physical_damage": 97.0999984741211
  },
  "43": {
    "accuracy": 452,
    "ally_life": 2578,
    "armour": 512,
    "evasion": 228,
    "life": 1578,
    "experience": 5279,
    "physical_damage": 100.79000091552734
  },
  "44": {
    "accuracy": 470,
    "ally_life": 2689,
    "armour": 547,
    "evasion": 236,
    "life": 1705,
    "experience": 5652,
    "physical_damage": 104.56999969482422
  },
  "45": {
    "accuracy": 488,
    "ally_life": 2804,
    "armour": 585,
    "evasion": 244,
    "life": 1841,
    "experience": 6045,
    "physical_damage": 108.45999908447266
  },