{
  "1": {
    "accuracy": 51,
    "ally_life": 51,
    "armour": 5,
    "evasion": 11,
    "life": 15,
    "experience": 17,
    "physical_damage": 9.15999984741211
  },
  "2": {
    "accuracy": 56,
    "ally_life": 79,
    "armour": 8,
    "evasion": 14,
    "life": 20,
    "experience": 18,
    "physical_damage": 10.260000228881836
  },
  "3": {
    "accuracy": 60,
    "ally_life": 109,
    "armour": 11,
    "evasion": 17,
    "life": 24,
    "experience": 20,
    "physical_damage": 11.390000343322754
  },
  "4": {
    "accuracy": 65,
    "ally_life": 140,
    "armour": 15,
    "evasion": 20,
    "life": 28,
    "experience": 24,
    "physical_damage": 12.569999694824219
  },
  "5": {
    "accuracy": 70,
    "ally_life": 172,
    "armour": 19,
    "evasion": 24,
    "life": 33,
    "experience": 31,
    "physical_damage": 13.779999732971191
  },
  "6": {
    "accuracy": 75,
    "ally_life": 207,
    "armour": 23,
    "evasion": 27,
    "life": 38,
    "experience": 43,
    "physical_damage": 15.029999732971191
  },
  "7": {
    "accuracy": 80,
    "ally_life": 243,
    "armour": 27,
    "evasion": 31,
    "life": 45,
    "experience": 57,
    "physical_damage": 16.31999969482422
  },
  "8": {
    "accuracy": 86,
    "ally_life": 281,
    "armour": 32,
    "evasion": 35,
    "life": 52,
    "experience": 75,
    "physical_damage": 17.649999618530273
  },
  "9": {
    "accuracy": 91,
    "ally_life": 321,
    "armour": 37,
    "evasion": 38,
    "life": 62,
    "experience": 96,
    "physical_damage": 19.020000457763672
  },
  "10": {
    "accuracy": 97,
    "ally_life": 362,
    "armour": 43,
    "evasion": 42,
    "life": 74,
    "experience": 120,
    "physical_damage": 20.440000534057617
  },
  "11": {
    "accuracy": 103,
    "ally_life": 406,
    "armour": 49,
    "evasion": 46,
    "life": 89,
    "experience": 150,
    "physical_damage": 21.899999618530273
  },
  "12": {
    "accuracy": 110,
    "ally_life": 453,
    "armour": 55,
    "evasion": 50,
    "life": 106,
    "experience": 181,
    "physical_damage": 23.40999984741211
  },
  "13": {
    "accuracy": 116,
    "ally_life": 501,
    "armour": 62,
    "evasion": 54,
    "life": 127,
    "experience": 219,
    "physical_damage": 24.969999313354492
  },
  "14": {
    "accuracy": 123,
    "ally_life": 552,
    "armour": 70,
    "evasion": 59,
    "life": 151,
    "experience": 261,
    "physical_damage": 26.56999969482422
  },
  "15": {
    "accuracy": 130,
    "ally_life": 605,
    "armour": 78,
    "evasion": 63,
    "life": 179,
    "experience": 308,
    "physical_damage": 28.229999542236328
  },
  "16": {
    "accuracy": 137,
    "ally_life": 661,
    "armour": 86,
    "evasion": 67,
    "life": 211,
    "experience": 358,
    "physical_damage": 29.93000030517578
  },
  "17": {
    "accuracy": 145,
    "ally_life": 720,
    "armour": 96,
    "evasion": 72,
    "life": 237,
    "experience": 416,
    "physical_damage": 31.690000534057617
  },
  "18": {
    "accuracy": 152,
    "ally_life": 781,
    "armour": 106,
    "evasion": 76,
    "life": 267,
    "experience": 482,
    "physical_damage": 33.5
  },
  "19": {
    "accuracy": 160,
    "ally_life": 845,
    "armour": 116,
    "evasion": 81,
    "life": 298,
    "experience": 549,
    "physical_damage": 35.369998931884766
  },
  "20": {
    "accuracy": 169,
    "ally_life": 912,
    "armour": 127,
    "evasion": 86,
    "life": 332,
    "experience": 623,
    "physical_damage": 37.290000915527344
  },
  "21": {
    "accuracy": 177,
    "ally_life": 982,
    "armour": 139,
    "evasion": 91,
    "life": 368,
    "experience": 704,
    "physical_damage": 39.27000045776367
  },
  "22": {
    "accuracy": 186,
    "ally_life": 1056,
    "armour": 152,
    "evasion": 96,
    "life": 406,
    "experience": 796,
    "physical_damage": 41.310001373291016
  },
  "23": {
    "accuracy": 195,
    "ally_life": 1132,
    "armour": 166,
    "evasion": 101,
    "life": 446,
    "experience": 881,
    "physical_damage": 43.40999984741211
  },
  "24": {
    "accuracy": 204,
    "ally_life": 1213,
    "armour": 181,
    "evasion": 106,
    "life": 488,
    "experience": 968,
    "physical_damage": 45.56999969482422
  },
  "25": {
    "accuracy": 214,
    "ally_life": 1296,
    "armour": 196,
    "evasion": 111,
    "life": 533,
    "experience": 1058,
    "physical_damage": 47.79999923706055
  },
  "26": {
    "accuracy": 224,
    "ally_life": 1384,
    "armour": 213,
    "evasion": 117,
    "life": 579,
    "experience": 1153,
    "physical_damage": 50.09000015258789
  },
  "27": {
    "accuracy": 234,
    "ally_life": 1475,
    "armour": 231,
    "evasion": 122,
    "life": 629,
    "experience": 1252,
    "physical_damage": 52.45000076293945
  },
  "28": {
    "accuracy": 245,
    "ally_life": 1571,
    "armour": 250,
    "evasion": 128,
    "life": 680,
    "experience": 1407,
    "physical_damage": 54.880001068115234
  },
  "29": {
    "accuracy": 256,
    "ally_life": 1671,
    "armour": 270,
    "evasion": 134,
    "life": 734,
    "experience": 1573,
    "physical_damage": 57.369998931884766
  },
  "30": {
    "accuracy": 267,
    "ally_life": 1775,
    "armour": 292,
    "evasion": 140,
    "life": 791,
    "experience": 1750,
    "physical_damage": 59.939998626708984
  },
  "31": {
    "accuracy": 279,
    "ally_life": 1883,
    "armour": 315,
    "evasion": 146,
    "life": 849,
    "experience": 1941,
    "physical_damage": 62.59000015258789
  },
  "32": {
    "accuracy": 291,
    "ally_life": 1996,
    "armour": 339,
    "evasion": 152,
    "life": 911,
    "experience": 2142,
    "physical_damage": 65.30999755859375
  },
  "33": {
    "accuracy": 304,
    "ally_life": 2114,
    "armour": 365,
    "evasion": 158,
    "life": 975,
    "experience": 2361,
    "physical_damage": 68.0999984741211
  },
  "34": {
    "accuracy": 317,
    "ally_life": 2238,
    "armour": 393,
    "evasion": 165,
    "life": 1053,
    "experience": 2587,
    "physical_damage": 70.9800033569336
  },
  "35": {
    "accuracy": 330,
    "ally_life": 2366,
    "armour": 422,
    "evasion": 171,
    "life": 1137,
    "experience": 2831,
    "physical_damage": 73.94000244140625
  },
  "36": {
    "accuracy": 344,
    "ally_life": 2500,
    "armour": 453,
    "evasion": 178,
    "life": 1228,
    "experience": 3092,
    "physical_damage": 76.9800033569336
  },
  "37": {
    "accuracy": 358,
    "ally_life": 2639,
    "armour": 486,
    "evasion": 185,
    "life": 1326,
    "experience": 3360,
    "physical_damage": 80.11000061035156
  },
  "38": {
    "accuracy": 372,
    "ally_life": 2784,
    "armour": 521,
    "evasion": 191,
    "life": 1432,
    "experience": 3646,
    "physical_damage": 83.31999969482422
  },
  "39": {
    "accuracy": 387,
    "ally_life": 2936,
    "armour": 559,
    "evasion": 199,
    "life": 1547,
    "experience": 3958,
    "physical_damage": 86.62999725341797
  },
  "40": {
    "accuracy": 403,
    "ally_life": 3093,
    "armour": 599,
    "evasion": 206,
    "life": 1671,
    "experience": 4259,
    "physical_damage": 90.0199966430664
  },
  "41": {
    "accuracy": 419,
    "ally_life": 3258,
    "armour": 641,
    "evasion": 213,
    "life": 1804,
    "experience": 4586,
    "physical_damage": 93.51000213623047
  },
  "42": {
    "accuracy": 435,
    "ally_life": 3429,
    "armour": 685,
    "evasion": 221,
    "life": 1949,
    "experience": 4940,
    "physical_damage": 97.0999984741211
  },
  "43": {
    "accuracy": 452,
    "ally_life": 3607,
    "armour": 733,
    "evasion": 228,
    "life": 2104,
    "experience": 5279,
    "physical_damage": 100.79000091552734
  },
  "44": {
    "accuracy": 470,
    "ally_life": 3792,
    "armour": 783,
    "evasion": 236,
    "life": 2273,
    "experience": 5652,
    "physical_damage": 104.56999969482422
  },
  "45": {
    "accuracy": 488,
    "ally_life": 3985,
    "armour": 837,
    "evasion": 244,
    "life": 2455,
    "experience": 6045,
    "physical_damage": 108.45999908447266
  },