{
  "monsterEvasionTable":[11,14,17,20,24,27,31,35,38,42,46,50,54,59,63,67,72,76,81,86,91,96,101,106,111,117,122,128,134,140,146,152,158,165,171,178,185,191,199,206,213,221,228,236,244,252,261,269,278,286,295,304,314,323,333,343,353,363,373,384,395,406,417,429,440,452,464,477,489,502,515,528,542,556,570,584,598,613,628,644,659,675,691,708,724,742,759,777,795,813,832,850,870,889,909,930,951,972,993,1015],
  "monsterAccuracyTable":[51,56,60,65,70,75,80,null,null,97,103,110,116,123,130,137,145,null,160,169,177,186,195,204,214,224,234,245,256,267,279,291,null,317,330,344,358,372,387,403,419,435,null,470,488,506,526,545,566,587,608,630,653,677,701,726,752,778,806,834,863,892,923,955,987,1020,1055,1090,1126,1164,1202,1242,1283,1324,1368,1412,1457,1504,1552,1602,1653,1705,1759,1814,1871,1930,1990,2052,2115,2180,2247,2316,2387,2460,2535,2612,2690,2772,2855,2941],
  "monsterLifeTable":[15,null,null,28,33,null,45,null,58,null,78,89,null,118,null,null,null,200,null,249,276,305,335,366,400,434,472,510,551,593,637,683,731,790,853,921,995,1074,1160,1253,1353,1462,1578,null,1841,1967,2101,2244,2395,2556,2726,2909,3102,3307,3525,3756,4002,4264,4540,4834,5147,5478,5829,6203,6513,6904,7318,7757,8222,8716,9239,9793,10381,11003,11664,12363,13105,13892,14725,15609,16545,17538,18590,19705,20888,22141,23469,24878,26370,27953,29630,31407,33292,35289,37407,39651,42030,44552,47225,50059],
  "monsterAllyLifeTable":[null,83,null,150,null,223,null,300,341,382,426,471,517,565,614,665,718,772,828,886,945,1007,1070,1135,1203,1272,1344,1417,1493,1571,1652,1734,1820,1907,1998,2091,2186,2285,2386,2490,2598,2708,2821,2938,3058,3181,null,3438,3571,3709,3850,3995,4144,4298,4455,4617,4783,4953,5128,5308,5493,5682,5877,6077,6282,6492,6708,6930,7157,7391,7630,7876,8128,8387,8652,8924,9203,9489,9783,10084,10393,10710,11034,11367,11708,12058,12417,12785,13161,13548,13944,14350,14766,15192,15629,16076,16535,17005,17486,17980],
  "monsterDamageTable":[9.1599998474121,10.260000228882,11.390000343323,12.569999694824,13.779999732971,15.029999732971,16.319999694824,17.64999961853,19.020000457764,20.440000534058,21.89999961853,23.409999847412,24.969999313354,26.569999694824,28.229999542236,29.930000305176,31.690000534058,33.5,35.369998931885,37.290000915527,39.270000457764,41.310001373291,43.409999847412,45.569999694824,47.799999237061,50.090000152588,52.450000762939,54.880001068115,57.369998931885,59.939998626709,62.590000152588,65.309997558594,68.099998474121,70.980003356934,73.940002441406,76.980003356934,80.110000610352,83.319999694824,86.629997253418,90.019996643066,93.51000213623,97.099998474121,100.79000091553,104.56999969482,108.45999908447,112.45999908447,116.56999969482,120.7799987793,125.12000274658,129.55999755859,134.13000488281,138.82000732422,143.63999938965,148.58000183105,153.66000366211,158.86999511719,164.21000671387,169.69999694824,175.33999633789,181.11999511719,187.05000305176,193.13999938965,199.38000488281,205.78999328613,212.36000061035,219.11000061035,226.0299987793,233.11999511719,240.39999389648,247.86000061035,255.52000427246,263.36999511719,271.42001342773,279.67999267578,288.14001464844,296.82000732422,305.7200012207,314.83999633789,324.19000244141,333.7799987793,343.60000610352,353.67001342773,364,374.57998657227,385.42001342773,396.5299987793,407.92001342773,419.57998657227,431.54000854492,443.79000854492,456.33999633789,469.20001220703,482.38000488281,495.86999511719,509.70001220703,523.85998535156,538.36999511719,553.22998046875,568.46002197266,584.04998779297],
  "monsterAllyDamageTable":[3.1099998950958,4.4200000762939,5.8200001716614,7.3099999427795,8.9200000762939,10.630000114441,12.460000038147,14.420000076294,16.510000228882,18.729999542236,21.10000038147,23.620000839233,26.309999465942,29.159999847412,32.189998626709,35.419998168945,38.830001831055,42.459999084473,46.310001373291,50.389999389648,54.709999084473,59.290000915527,64.139999389648,69.269996643066,74.690002441406,80.430000305176,86.5,92.910003662109,99.690002441406,106.83999633789,114.40000152588,122.37000274658,130.78999328613,139.66999816895,149.03999328613,158.91000366211,169.32000732422,180.28999328613,191.86000061035,204.03999328613,216.86000061035,230.36999511719,244.60000610352,259.57000732422,275.32000732422,291.89999389648,309.33999633789,327.69000244141,346.98001098633,367.26998901367,388.58999633789,411.01000976562,434.57000732422,459.32000732422,485.32998657227,512.65997314453,541.34997558594,571.48999023438,603.14001464844,636.36999511719,671.26000976562,707.86999511719,746.29998779297,786.63000488281,828.94000244141,873.34002685547,919.90997314453,968.76000976562,1019.9899902344,1073.7199707031,1130.0600585938,1189.1300048828,1251.0600585938,1315.9799804688,1384.0300292969,1455.3399658203,1530.0799560547,1608.4000244141,1690.4599609375,1776.4300537109,1866.5,1960.8399658203,2059.6599121094,2163.1599121094,2271.5600585938,2385.0600585938,2503.9099121094,2628.3601074219,2758.6398925781,2895.0300292969,3037.8000488281,3187.2399902344,3343.6599121094,3507.3500976562,3678.6599121094,3857.9299316406,4045.5100097656,4241.7700195312,4447.1098632812,4661.9301757812],
  "monsterArmourTable":[3,6,8,10,13,16,19,22,26,30,34,39,43,49,null,null,null,73,null,null,null,null,null,126,null,149,161,174,189,null,220,237,255,274,null,null,340,null,391,418,448,479,512,547,585,624,666,711,758,808,861,917,976,1039,1105,1176,1250,1329,null,1500,1594,1692,1796,1906,2023,2146,2276,2413,2558,2712,2874,3044,3225,3416,3617,3829,4053,4290,null,4803,5081,5375,5684,6011,6355,6718,7101,7505,7930,8379,8852,9351,9877,10431,11015,11630,12279,12962,13682,14441],
  "monsterAilmentThresholdTable":[null,null,null,null,null,null,null,52,null,null,null,95,null,null,144,null,193,218,null,275,306,null,376,413,455,497,543,590,641,695,null,812,874,950,1033,1123,1220,1326,1442,1568,null,1854,2015,2192,2384,2564,2757,2966,3188,3426,3681,3955,4247,4560,4895,5254,5638,6049,6489,6959,7462,8001,8576,9193,9723,10382,11085,11837,12639,13497,14413,15390,16435,17549,18742,20013,21372,22824,24373,26029,27796,29684,31700,33852,36153,38608,41230,44033,47023,50219,53630,57272,61164,65318,69757,74494,79554,84958,90729,96892],
  "minionLevelTable":{
    "1":2,
    "2":4,
    "6":12,
    "9":18,
    "16":32,
    "18":36,
    "20":40,
    "22":44,
    "24":48,
    "31":62,
    "32":64,
    "33":66,
    "34":68,
    "37":74
  },
  "gameConstants":{
    "MonsterAccuracyBase":47,
    "MonsterAccuracyIncremental":321,
    "MonsterAccuracyImprovement":2.1,
    "MonsterArmourIncremental":1.75,
    "MonsterArmourImprovement":4.5,
    "MonsterEvasionImprovement":1.2,
    "AscendancyRespecCost":5,
    "SkillDamageBaseEffectiveness":3.885209,
    "SkillDamageIncrementalEffectiveness":0,
    "MaxHideoutDoodads":750,
    "PartyQuantityBonusPerAdditionalPlayer":0.2,
    "PartyUniqueBonusPerAdditionalPlayer":1,
    "LightStunRatioScale":92,
    "HeavyStunDamageScale":0.87,
    "HeavyStunThresholdModifier":500,
    "HeavyStunModifierDuration":16.5,
    "HeavyStunThresholdModifierPlayer":100,
    "ElectrocuteDamageScale":1.7,
    "ElectrocuteDuration":5000,
    "ElectrocuteDurationPlayer":2000,
    "PinDamageScale":4.2,
    "ShockChanceMultiplier":25,
    "SellPriceMultiplier":0.11,
    "MobilePriceMultiplier":0.25,
    "UnidentifiedMagicMultiplier":1.5,
    "BleedingHitDamagePercentPerMinute":900,
    "IgniteHitDamagePercentPerMinute":1200,
    "JaggedGroundMagnitude":-20,
    "ImpalePercentage":0.3,
    "PlayerAilmentThresholdLifeFactor":0.5,
    "BaseShieldRegenCooldownTimeMs":4000
  },
  "mapLevelBossAilmentMult":[],
  "mapLevelBossLifeMult":[],
  "mapLevelLifeMult":[],
  "totemLifeMult":[],
  "monsterVarietyLifeMult":{
    "Vile Imp":0.65,
    "Risen Arbalest":1.35,
    "Rotting Hulk":2.5,
    "Prowling Skeleton":1.25,
    "Eaten Rat":0.9
  }
}